{"A": 0.0, "AAL": 0.0, "AAPL": 0.59735, "ABBV": 0.13378, "ACM": 0.0, "ADSK": 0.0, "AKAM": 0.0, "ALK": 0.0, "BDX": 0.0, "C": 0.0, "DOCU": 0.0, "OKTA": 0.0, "PVH": 0.0, "SNAP": 0.0, "TSLA": 0.26887}